<ImportExportXml version="9.1.0.5229" SolutionPackageVersion="9.1" languagecode="1033" generatedBy="CrmLive" xmlns:xsi="http://www.w3.org/2001/XMLSchema-instance">
  <SolutionManifest>
    <UniqueName>HeroGuard</UniqueName>
    <LocalizedNames>
      <LocalizedName description="Hero Guard" languagecode="1033" />
    </LocalizedNames>
    <Descriptions>
      <Description description="Designate guards for hero records in an environment." languagecode="1033" />
    </Descriptions>
    <Version>1.0.0.1</Version>
    <Managed>0</Managed>
    <ConfigurationPage>ctd_/welcome.html</ConfigurationPage>
    <Publisher>
      <UniqueName>connectingthedata</UniqueName>
      <LocalizedNames>
        <LocalizedName description="Connecting the Data" languagecode="1033" />
      </LocalizedNames>
      <Descriptions />
      <EMailAddress>anderson.matthew@microsoft.com</EMailAddress>
      <SupportingWebsiteUrl>http://connectingthedata.com</SupportingWebsiteUrl>
      <CustomizationPrefix>ctd</CustomizationPrefix>
      <CustomizationOptionValuePrefix>96169</CustomizationOptionValuePrefix>
      <Addresses>
        <Address>
          <AddressNumber>1</AddressNumber>
          <AddressTypeCode>1</AddressTypeCode>
          <City xsi:nil="true"></City>
          <County xsi:nil="true"></County>
          <Country>US</Country>
          <Fax xsi:nil="true"></Fax>
          <FreightTermsCode xsi:nil="true"></FreightTermsCode>
          <ImportSequenceNumber xsi:nil="true"></ImportSequenceNumber>
          <Latitude xsi:nil="true"></Latitude>
          <Line1 xsi:nil="true"></Line1>
          <Line2 xsi:nil="true"></Line2>
          <Line3 xsi:nil="true"></Line3>
          <Longitude xsi:nil="true"></Longitude>
          <Name xsi:nil="true"></Name>
          <PostalCode xsi:nil="true"></PostalCode>
          <PostOfficeBox xsi:nil="true"></PostOfficeBox>
          <PrimaryContactName xsi:nil="true"></PrimaryContactName>
          <ShippingMethodCode>1</ShippingMethodCode>
          <StateOrProvince>MN</StateOrProvince>
          <Telephone1 xsi:nil="true"></Telephone1>
          <Telephone2 xsi:nil="true"></Telephone2>
          <Telephone3 xsi:nil="true"></Telephone3>
          <TimeZoneRuleVersionNumber xsi:nil="true"></TimeZoneRuleVersionNumber>
          <UPSZone xsi:nil="true"></UPSZone>
          <UTCOffset xsi:nil="true"></UTCOffset>
          <UTCConversionTimeZoneCode xsi:nil="true"></UTCConversionTimeZoneCode>
        </Address>
        <Address>
          <AddressNumber>2</AddressNumber>
          <AddressTypeCode>1</AddressTypeCode>
          <City xsi:nil="true"></City>
          <County xsi:nil="true"></County>
          <Country xsi:nil="true"></Country>
          <Fax xsi:nil="true"></Fax>
          <FreightTermsCode xsi:nil="true"></FreightTermsCode>
          <ImportSequenceNumber xsi:nil="true"></ImportSequenceNumber>
          <Latitude xsi:nil="true"></Latitude>
          <Line1 xsi:nil="true"></Line1>
          <Line2 xsi:nil="true"></Line2>
          <Line3 xsi:nil="true"></Line3>
          <Longitude xsi:nil="true"></Longitude>
          <Name xsi:nil="true"></Name>
          <PostalCode xsi:nil="true"></PostalCode>
          <PostOfficeBox xsi:nil="true"></PostOfficeBox>
          <PrimaryContactName xsi:nil="true"></PrimaryContactName>
          <ShippingMethodCode>1</ShippingMethodCode>
          <StateOrProvince xsi:nil="true"></StateOrProvince>
          <Telephone1 xsi:nil="true"></Telephone1>
          <Telephone2 xsi:nil="true"></Telephone2>
          <Telephone3 xsi:nil="true"></Telephone3>
          <TimeZoneRuleVersionNumber xsi:nil="true"></TimeZoneRuleVersionNumber>
          <UPSZone xsi:nil="true"></UPSZone>
          <UTCOffset xsi:nil="true"></UTCOffset>
          <UTCConversionTimeZoneCode xsi:nil="true"></UTCConversionTimeZoneCode>
        </Address>
      </Addresses>
    </Publisher>
    <RootComponents>
      <RootComponent type="1" schemaName="account" behavior="1" />
      <RootComponent type="1" schemaName="contact" behavior="1" />
      <RootComponent type="1" schemaName="ctd_guard" behavior="0" />
      <RootComponent type="1" schemaName="incident" behavior="1" />
      <RootComponent type="1" schemaName="lead" behavior="1" />
      <RootComponent type="1" schemaName="opportunity" behavior="1" />
      <RootComponent type="20" id="{90887728-188f-e911-a968-000d3a597152}" behavior="0" />
      <RootComponent type="29" id="{46ae8abd-b58e-e911-a968-000d3a597152}" behavior="0" />
      <RootComponent type="29" id="{d5df005a-c48e-e911-a968-000d3a59720a}" behavior="0" />
      <RootComponent type="61" schemaName="ctd_/Images/guard.svg" behavior="0" />
      <RootComponent type="61" schemaName="ctd_/Images/guard16.png" behavior="0" />
      <RootComponent type="61" schemaName="ctd_/Images/guard32.png" behavior="0" />
      <RootComponent type="61" schemaName="ctd_/Images/guard_color.svg" behavior="0" />
      <RootComponent type="61" schemaName="ctd_/welcome.html" behavior="0" />
      <RootComponent type="62" schemaName="ctd_HeroGuard" behavior="0" />
      <RootComponent type="80" schemaName="ctd_HeroGuard" behavior="0" />
    </RootComponents>
    <MissingDependencies>
      <MissingDependency>
        <Required key="0" type="1" schemaName="opportunity" displayName="Opportunity" solution="msdynce_Sales (9.0.4.0076)" />
        <Dependent key="0" type="1" schemaName="opportunity" displayName="Opportunity" />
      </MissingDependency>
      <MissingDependency>
        <Required key="1" type="1" schemaName="lead" displayName="Lead" solution="msdynce_LeadManagement (9.0.4.0066)" />
        <Dependent key="1" type="1" schemaName="lead" displayName="Lead" />
      </MissingDependency>
      <MissingDependency>
        <Required key="2" type="1" schemaName="incident" displayName="Case" solution="msdynce_Service (9.0.5.56)" />
        <Dependent key="2" type="1" schemaName="incident" displayName="Case" />
      </MissingDependency>
      <MissingDependency>
        <Required key="1" type="1" schemaName="lead" displayName="Lead" solution="msdynce_LeadManagement (9.0.4.0066)" />
        <Dependent key="3" type="80" schemaName="ctd_HeroGuard" displayName="Hero Guard" />
      </MissingDependency>
      <MissingDependency>
        <Required key="0" type="1" schemaName="opportunity" displayName="Opportunity" solution="msdynce_Sales (9.0.4.0076)" />
        <Dependent key="3" type="80" schemaName="ctd_HeroGuard" displayName="Hero Guard" />
      </MissingDependency>
      <MissingDependency>
        <Required key="2" type="1" schemaName="incident" displayName="Case" solution="msdynce_Service (9.0.5.56)" />
        <Dependent key="3" type="80" schemaName="ctd_HeroGuard" displayName="Hero Guard" />
      </MissingDependency>
      <MissingDependency>
        <Required key="1" type="1" schemaName="lead" displayName="Lead" solution="msdynce_LeadManagement (9.0.4.0066)" />
        <Dependent key="4" type="10" schemaName="ctd_Guard_Lead" displayName="ctd_Guard_Lead" parentSchemaName="ctd_guard" parentDisplayName="Guard" />
      </MissingDependency>
      <MissingDependency>
        <Required key="2" type="1" schemaName="incident" displayName="Case" solution="msdynce_Service (9.0.5.56)" />
        <Dependent key="5" type="10" schemaName="ctd_Guard_Case" displayName="ctd_Guard_Case" parentSchemaName="ctd_guard" parentDisplayName="Guard" />
      </MissingDependency>
      <MissingDependency>
        <Required key="0" type="1" schemaName="opportunity" displayName="Opportunity" solution="msdynce_Sales (9.0.4.0076)" />
        <Dependent key="6" type="10" schemaName="ctd_Guard_Opportunity" displayName="ctd_Guard_Opportunity" parentSchemaName="ctd_guard" parentDisplayName="Guard" />
      </MissingDependency>
      <MissingDependency>
        <Required key="7" type="1" schemaName="msdyn_agreementbookingsetup" displayName="Agreement Booking Setup" solution="FieldService (7.5.0.60)" />
        <Dependent key="3" type="80" schemaName="ctd_HeroGuard" displayName="Hero Guard" />
      </MissingDependency>
      <MissingDependency>
        <Required key="8" type="1" schemaName="msdyn_agreement" displayName="Agreement" solution="FieldService (7.5.0.60)" />
        <Dependent key="3" type="80" schemaName="ctd_HeroGuard" displayName="Hero Guard" />
      </MissingDependency>
      <MissingDependency>
        <Required key="9" type="1" schemaName="msdyn_agreementinvoicesetup" displayName="Agreement Invoice Setup" solution="FieldService (7.5.0.60)" />
        <Dependent key="3" type="80" schemaName="ctd_HeroGuard" displayName="Hero Guard" />
      </MissingDependency>
      <MissingDependency>
        <Required key="10" type="1" schemaName="msdyn_bpf_baa0a411a239410cb8bded8b5fdd88e3" displayName="Agreement Business Process" solution="FieldService (7.5.0.60)" />
        <Dependent key="3" type="80" schemaName="ctd_HeroGuard" displayName="Hero Guard" />
      </MissingDependency>
      <MissingDependency>
        <Required key="11" type="2" schemaName="fullname" displayName="Name" parentSchemaName="lead" parentDisplayName="Lead" solution="msdynce_LeadManagement (9.0.4.0066)" />
        <Dependent key="4" type="10" schemaName="ctd_Guard_Lead" displayName="ctd_Guard_Lead" parentSchemaName="ctd_guard" parentDisplayName="Guard" />
      </MissingDependency>
      <MissingDependency>
        <Required key="12" type="2" schemaName="leadid" displayName="Lead" parentSchemaName="lead" parentDisplayName="Lead" solution="msdynce_LeadManagement (9.0.4.0066)" />
        <Dependent key="4" type="10" schemaName="ctd_Guard_Lead" displayName="ctd_Guard_Lead" parentSchemaName="ctd_guard" parentDisplayName="Guard" />
      </MissingDependency>
      <MissingDependency>
        <Required key="13" type="2" schemaName="title" displayName="Case Title" parentSchemaName="incident" parentDisplayName="Case" solution="msdynce_Service (9.0.5.56)" />
        <Dependent key="5" type="10" schemaName="ctd_Guard_Case" displayName="ctd_Guard_Case" parentSchemaName="ctd_guard" parentDisplayName="Guard" />
      </MissingDependency>
      <MissingDependency>
        <Required key="14" type="2" schemaName="incidentid" displayName="Case" parentSchemaName="incident" parentDisplayName="Case" solution="msdynce_Service (9.0.5.56)" />
        <Dependent key="5" type="10" schemaName="ctd_Guard_Case" displayName="ctd_Guard_Case" parentSchemaName="ctd_guard" parentDisplayName="Guard" />
      </MissingDependency>
      <MissingDependency>
        <Required key="15" type="2" schemaName="yomifullname" displayName="Yomi Full Name" parentSchemaName="lead" parentDisplayName="Lead" solution="msdynce_LeadManagement (9.0.4.0066)" />
        <Dependent key="4" type="10" schemaName="ctd_Guard_Lead" displayName="ctd_Guard_Lead" parentSchemaName="ctd_guard" parentDisplayName="Guard" />
      </MissingDependency>
      <MissingDependency>
        <Required key="16" type="2" schemaName="name" displayName="Topic" parentSchemaName="opportunity" parentDisplayName="Opportunity" solution="msdynce_Sales (9.0.4.0076)" />
        <Dependent key="6" type="10" schemaName="ctd_Guard_Opportunity" displayName="ctd_Guard_Opportunity" parentSchemaName="ctd_guard" parentDisplayName="Guard" />
      </MissingDependency>
      <MissingDependency>
        <Required key="17" type="2" schemaName="opportunityid" displayName="Opportunity" parentSchemaName="opportunity" parentDisplayName="Opportunity" solution="msdynce_Sales (9.0.4.0076)" />
        <Dependent key="6" type="10" schemaName="ctd_Guard_Opportunity" displayName="ctd_Guard_Opportunity" parentSchemaName="ctd_guard" parentDisplayName="Guard" />
      </MissingDependency>
    </MissingDependencies>
  </SolutionManifest>
</ImportExportXml>