{"properties":{"connectionReferences":{"shared_commondataserviceforapps":{"impersonation":{},"runtimeSource":"embedded","connection":{},"api":{"name":"shared_commondataserviceforapps"}}},"definition":{"$schema":"https://schema.management.azure.com/providers/Microsoft.Logic/schemas/2016-06-01/workflowdefinition.json#","contentVersion":"1.0.0.0","parameters":{"$connections":{"defaultValue":{},"type":"Object"},"$authentication":{"defaultValue":{},"type":"SecureObject"}},"triggers":{"When_a_record_is_created,_updated_or_deleted":{"type":"OpenApiConnectionWebhook","inputs":{"host":{"apiId":"/providers/Microsoft.PowerApps/apis/shared_commondataserviceforapps","connectionName":"shared_commondataserviceforapps","operationId":"SubscribeWebhookTrigger"},"parameters":{"subscriptionRequest/message":1,"subscriptionRequest/entityname":"ctd_guard","subscriptionRequest/scope":4},"authentication":"@parameters('$authentication')"}}},"actions":{"Update_Guard_Name":{"runAfter":{"Append_to_string_variable":["Succeeded"]},"type":"OpenApiConnection","inputs":{"host":{"apiId":"/providers/Microsoft.PowerApps/apis/shared_commondataserviceforapps","connectionName":"shared_commondataserviceforapps","operationId":"UpdateRecord"},"parameters":{"entityName":"ctd_guards","recordId":"@triggerOutputs()?['body/ctd_guardid']","item/ctd_name":"@outputs('Get_Account_Info')?['body/name']"},"authentication":"@parameters('$authentication')"}},"Account":{"actions":{"Get_Account_Info":{"runAfter":{},"type":"OpenApiConnection","inputs":{"host":{"apiId":"/providers/Microsoft.PowerApps/apis/shared_commondataserviceforapps","connectionName":"shared_commondataserviceforapps","operationId":"GetItem"},"parameters":{"entityName":"accounts","recordId":"@triggerOutputs()?['body/_ctd_account_value']"},"authentication":"@parameters('$authentication')"}},"Add_Account_Name":{"runAfter":{"Get_Account_Info":["Succeeded"]},"type":"AppendToStringVariable","inputs":{"name":"Guard Name","value":"@{outputs('Get_Account_Info')?['body/name']} "}}},"runAfter":{"Initialize_variable":["Succeeded"]},"expression":{"not":{"equals":["@triggerOutputs()?['body/_ctd_account_value']","@null"]}},"type":"If"},"Contact":{"actions":{"Get_Contact_info":{"runAfter":{},"type":"OpenApiConnection","inputs":{"host":{"apiId":"/providers/Microsoft.PowerApps/apis/shared_commondataserviceforapps","connectionName":"shared_commondataserviceforapps","operationId":"GetItem"},"parameters":{"entityName":"contacts","recordId":"@triggerOutputs()?['body/_ctd_contact_value']"},"authentication":"@parameters('$authentication')"}},"Add_Contact_Full_Name":{"runAfter":{"Get_Contact_info":["Succeeded"]},"type":"AppendToStringVariable","inputs":{"name":"Guard Name","value":"@{outputs('Get_Contact_info')?['body/fullname']} "}}},"runAfter":{"Account":["Succeeded"]},"expression":{"not":{"equals":["@triggerOutputs()?['body/_ctd_contact_value']","@null"]}},"type":"If"},"Initialize_variable":{"runAfter":{},"type":"InitializeVariable","inputs":{"variables":[{"name":"Guard Name","type":"String"}]}},"Case":{"actions":{"Get_Case_info":{"runAfter":{},"type":"OpenApiConnection","inputs":{"host":{"apiId":"/providers/Microsoft.PowerApps/apis/shared_commondataserviceforapps","connectionName":"shared_commondataserviceforapps","operationId":"GetItem"},"parameters":{"entityName":"incidents","recordId":"@triggerOutputs()?['body/_ctd_case_value']"},"authentication":"@parameters('$authentication')"}},"Add_Case_Title":{"runAfter":{"Get_Case_info":["Succeeded"]},"type":"AppendToStringVariable","inputs":{"name":"Guard Name","value":"@{outputs('Get_Case_info')?['body/title']} "}}},"runAfter":{"Contact":["Succeeded"]},"expression":{"not":{"equals":["@triggerOutputs()?['body/_ctd_case_value']","@null"]}},"type":"If"},"Lead":{"actions":{"Get_Lead_info":{"runAfter":{},"type":"OpenApiConnection","inputs":{"host":{"apiId":"/providers/Microsoft.PowerApps/apis/shared_commondataserviceforapps","connectionName":"shared_commondataserviceforapps","operationId":"GetItem"},"parameters":{"entityName":"leads","recordId":"@triggerOutputs()?['body/_ctd_lead_value']"},"authentication":"@parameters('$authentication')"}},"Add_Lead_Topic":{"runAfter":{"Get_Lead_info":["Succeeded"]},"type":"AppendToStringVariable","inputs":{"name":"Guard Name","value":"@{outputs('Get_Lead_info')?['body/subject']} "}}},"runAfter":{"Case":["Succeeded"]},"expression":{"not":{"equals":["@triggerOutputs()?['body/_ctd_lead_value']","@null"]}},"type":"If"},"Opportunity":{"actions":{"Get_Opportunity":{"runAfter":{},"type":"OpenApiConnection","inputs":{"host":{"apiId":"/providers/Microsoft.PowerApps/apis/shared_commondataserviceforapps","connectionName":"shared_commondataserviceforapps","operationId":"GetItem"},"parameters":{"entityName":"opportunities","recordId":"@triggerOutputs()?['body/_ctd_opportunity_value']"},"authentication":"@parameters('$authentication')"}},"Add_Opportunity_Topic":{"runAfter":{"Get_Opportunity":["Succeeded"]},"type":"AppendToStringVariable","inputs":{"name":"Guard Name","value":"@{outputs('Get_Opportunity')?['body/name']} "}}},"runAfter":{"Lead":["Succeeded"]},"expression":{"not":{"equals":["@triggerOutputs()?['body/_ctd_opportunity_value']","@null"]}},"type":"If"},"Append_to_string_variable":{"runAfter":{"Opportunity":["Succeeded"]},"type":"AppendToStringVariable","inputs":{"name":"Guard Name","value":"is protected by a guard"}}},"outputs":{}}},"schemaVersion":"1.0.0.0"}